,AmRefRfw,Cvp,Cas,Cvs,Cap,Rvp,Rcs,Ras,Rvs,Rcp,Rap,Rav,sfact,c3,RVEDV,RVESV,RVEDP,RVMaxP,RVSV
0,135.83984375,0.00730615234375,0.00159541015625,0.178291015625,0.0036044921875,9.5283203125,56.69921875,599.3896484375,1.918603515625,7.6904296875,168.564453125,8.7041015625,0.937109375,0.0034889404296875,0.061706964106890534,0.037485974638377995,3.224021118169912,35.624878546942206,0.02422098946851254
1,106.328125,0.006923828125,0.001676953125,0.0801953125,0.0081367187499999,5.83203125,41.015625,442.28515625,2.7888671875,7.94921875,169.7265625,10.43359375,0.4734375,0.03312236328125,0.04675427526913189,0.020967499475949936,4.786245703486789,39.78604705591777,0.025786775793181952
2,107.666015625,0.004372802734375,0.001177197265625,0.0822705078125,0.01487353515625,10.46826171875,45.009765625,530.72509765625,2.7822021484375,7.03369140625,31.5380859375,6.75927734375,0.6919921875,0.0418172729492187,0.04399987521372743,0.012560449370041972,4.549371858786431,24.15092272856632,0.03143942584368546
3,139.4140625,0.0062294921875,0.0013966796875,0.13986328125,0.006017578125,3.478515625,64.9609375,352.197265625,2.35849609375,7.724609375,131.58203125,3.474609375,0.91640625,0.044975732421875,0.09817892619786253,0.06214898674488925,3.3359459936317415,40.99659383907379,0.03602993945297328
4,137.978515625,0.007396240234375,0.001481884765625,0.1705517578124999,0.00492041015625,4.60888671875,34.697265625,454.55322265625,0.4970458984375,9.92431640625,80.7568359375,4.46240234375,0.3982421875,0.0414270385742187,0.09810871364524902,0.071442557382288,2.133630995361683,32.80240879594234,0.026666156262961024
5,104.16015625,0.00951220703125,0.00124091796875,0.134443359375,0.0120400390625,12.0185546875,33.53515625,526.3916015625,3.034521484375,13.8916015625,125.224609375,11.9443359375,0.850390625,0.0451952392578125,0.027391532879985615,0.009864370676649834,4.059971671503941,32.1926101447258,0.01752716220333578
6,101.328125,0.001298828125,0.001301953125,0.0926953125,0.0098867187499999,4.58203125,66.015625,598.53515625,0.3513671874999999,11.69921875,82.2265625,8.68359375,0.9734375,0.03936611328125,0.034377371494156546,0.002636651412895599,3.5844115922338293,39.430852125783936,0.03174072008126095
7,103.37890625,0.00898486328125,0.00136201171875,0.101240234375,0.0015947265625,9.5576171875,31.19140625,388.6962890625,0.703662109375,7.4462890625,95.146484375,8.0615234375,0.566015625,0.0489024658203125,0.04546381858290307,0.016796380565113816,4.574632781314079,34.87557989925259,0.028667438017789253
8,102.099609375,0.002531494140625,0.001136669921875,0.1321240234375,0.0118862304687499,11.55712890625,65.302734375,462.73193359375,0.3199462890625,12.65380859375,32.5634765625,6.61572265625,0.7423828125,0.0275005493164062,0.03671667290677457,0.0028637229253350802,3.0572175834542574,30.877775212937376,0.03385294998143949
9,101.689453125,0.006156982421875,0.001580517578125,0.1054150390625,0.00143408203125,4.05224609375,31.298828125,372.27783203125,0.4018310546875,12.78564453125,168.6669921875,4.58544921875,0.5333984375,0.0322077514648437,0.04875052455488284,0.018243608749454212,4.259972754732843,51.17094302940107,0.030506915805428626
10,134.130859375,0.001090087890625,0.001367138671875,0.1614208984375,0.00865966796875,9.33056640625,38.896484375,592.61474609375,1.3406494140625,14.64599609375,33.1103515625,8.42041015625,0.9017578125,0.0237933227539062,0.06833334445034737,0.039031091564482014,3.4932791636344582,26.619751361841303,0.02930225288586536
11,136.50390625,0.00743798828125,0.00134638671875,0.1340527343749999,0.0079384765625,11.5888671875,69.31640625,533.2275390625,3.689599609375,11.3525390625,84.208984375,10.0302734375,0.7535156250000001,0.0356344970703125,0.07474173883036286,0.05102385874731927,4.35702054131612,28.136686938850787,0.023717880083043597
12,105.60546875,0.00176904296875,0.00099189453125,0.150751953125,0.0020458984374999,12.5947265625,69.74609375,474.8779296875,0.8598144531249999,11.6162109375,113.603515625,9.8798828125,0.8324218750000001,0.0074888427734375,0.03654998844793825,0.0044471176330202426,4.384113739720353,41.41707883994741,0.03210287081491801
13,133.818359375,0.006926025390625,0.000921826171875,0.1247021484375,0.01445654296875,12.53369140625,31.083984375,578.94287109375,1.0054931640625,9.88037109375,115.1416015625,1.96728515625,0.2080078125,0.0116960571289062,0.09399541352384361,0.06904092077799462,1.8303290685485964,32.982918820424935,0.02495449274584899
14,134.47265625,0.00845751953125,0.00168623046875,0.091474609375,0.0106181640624999,6.3154296875,69.47265625,415.0634765625,3.004052734375,7.4072265625,115.380859375,3.7412109375,0.994140625,0.0065620361328125,0.07432948121512603,0.03758878988252084,3.462521638433379,36.82150936565895,0.03674069133260519
15,102.998046875,0.009624267578125,0.001178662109375,0.1667919921875,0.00137255859375,4.30126953125,65.029296875,353.11279296875,2.2966064453125,6.72607421875,66.8798828125,4.38720703125,0.4337890625,0.0017938598632812,0.04126216585996859,0.0031879616515162897,4.190668837609286,32.21761708306193,0.038074204208452304
16,114.423828125,0.003397216796875,0.000977001953125,0.1673291015625,0.0016254882812499,12.70458984375,32.001953125,418.66455078125,2.1309326171875,6.04736328125,34.4091796875,13.19873046875,0.6849609375000001,0.0256713256835937,0.04462776754064885,0.018960347281663858,4.6740327216990085,20.731047779445625,0.025667420258984993
17,131.6015625,0.0067216796875,0.0015294921875,0.10470703125,0.0070019531249999,4.806640625,30.8984375,541.650390625,3.42490234375,5.458984375,167.67578125,1.396484375,0.58515625,0.028195654296875,0.0910527175391221,0.05586948627219397,3.118303557813105,43.65211596567749,0.03518323126692813
18,105.9375,0.0079609375,0.0014953125,0.17609375,0.0083281249999999,3.703125,31.5625,496.484375,0.55703125,14.921875,74.84375,2.421875,0.84375,0.044926953125,0.045151269063779295,0.01077508432902824,2.214325101971149,38.63804950490438,0.034376184734751056
19,127.685546875,0.005475830078125,0.000858349609375,0.1660107421875,0.0130756835937499,8.91064453125,69.716796875,398.03466796875,3.4239501953125,12.74169921875,168.5986328125,1.65283203125,0.6275390625,0.0334028442382812,0.07454698083397993,0.04756843871436424,2.3599053663236824,41.44496985633695,0.026978542119615687
20,108.056640625,0.005128662109375,0.001323681640625,0.1297314453125,0.0130961914062499,3.37841796875,65.087890625,566.36962890625,3.5515380859375,10.52978515625,141.1865234375,3.39599609375,0.5529296875,0.0198665893554687,0.04328636256474048,0.014575054736838212,2.990105167312358,37.44781452444406,0.028711307827902266
21,139.306640625,0.007659912109375,0.000979931640625,0.1578564453124999,0.01353369140625,3.06591796875,68.837890625,496.05712890625,0.2609130859375,13.34228515625,31.8115234375,10.83349609375,0.8279296875,0.0058181518554687,0.0624474517092023,0.035062132663378466,3.5539521951470228,23.6448350121895,0.027385319045823836
22,112.40234375,0.00723583984375,0.00110322265625,0.080634765625,0.0017451171875,11.4814453125,67.01171875,417.7490234375,0.425634765625,7.1435546875,71.220703125,13.4072265625,0.8558593750000001,0.0272932373046875,0.055246676707732284,0.018329810350790926,5.762144575557765,36.941512222732236,0.03691686635694136
23,114.00390625,0.00462548828125,0.00178388671875,0.127802734375,0.0070634765625,3.4638671875,31.81640625,548.8525390625,2.470849609375,9.4775390625,75.458984375,3.9052734375,0.803515625,0.0387563720703125,0.05539781633378208,0.0212416251853365,3.489013241372045,30.063154918664306,0.03415619114844558
24,131.416015625,0.008029052734375,0.001020947265625,0.1603955078125,0.00568603515625,12.03076171875,31.259765625,351.03759765625,2.6603271484375,7.34619140625,97.1630859375,13.32177734375,0.8669921875,0.0184032104492187,0.060831456715409064,0.038108322718198646,4.388689719685609,25.60607844558269,0.022723133997210418
25,125.33203125,0.00249853515625,0.00130146484375,0.115888671875,0.0077470703124999,4.1865234375,30.01953125,406.7626953125,2.539404296875,10.9423828125,135.888671875,12.6279296875,0.473828125,0.0185617431640625,0.06800221788452582,0.04316252607198389,4.365310838482933,34.299165686865585,0.024839691812541927
26,104.0234375,0.0080048828125,0.0010861328125,0.15763671875,0.0097636718749999,8.771484375,68.4765625,379.052734375,1.71103515625,10.986328125,135.68359375,9.681640625,0.7679687500000001,0.015805712890625,0.028967781479995392,0.00517263617629296,3.391842040148594,37.59380676428068,0.02379514530370243
27,137.65625,0.00940234375,0.00125703125,0.143671875,0.0122109374999999,7.1796875,62.96875,378.3203125,1.090234375,12.9296875,75.390625,14.7265625,0.609375,0.0037572265625,0.060077028806018146,0.03909820985074487,3.4937347021401854,25.519410514056524,0.020978818955273273
28,129.189453125,0.003344482421875,0.001518017578125,0.1491650390625,0.0023090820312499,10.92724609375,68.798828125,450.40283203125,1.6205810546875,5.91064453125,142.4169921875,12.46044921875,0.2833984375,0.0415733764648437,0.08560360068752429,0.0647184098184508,4.016983123893507,30.240040757378793,0.02088519086907349
29,135.908203125,0.004504638671875,0.000896923828125,0.1409619140625,0.00302001953125,12.84130859375,68.955078125,574.42626953125,2.3670654296875,7.27783203125,67.4951171875,13.71826171875,0.3490234375,0.0300614624023437,0.08407741188322988,0.06093026452740449,4.578130974207911,23.722827281043703,0.02314714735582539
30,128.017578125,0.007369873046875,0.001746533203125,0.0810009765625,0.00321142578125,3.99365234375,69.658203125,527.06298828125,0.1352294921875,14.05517578125,126.8310546875,7.45654296875,0.8943359375,0.0371832397460937,0.08150512743732231,0.04529245427675947,3.3338882800342162,50.54365106242425,0.03621267316056284
31,134.970703125,0.001621826171875,0.001357861328125,0.1511181640625,0.00400439453125,5.10693359375,67.392578125,490.44189453125,0.6912841796875,9.69970703125,83.9013671875,3.98388671875,0.8177734375000001,0.0039157592773437,0.08243424838990873,0.039692913362804796,2.8586771859136855,39.77265452421499,0.042741335027103936
32,106.572265625,0.005040771484375,0.001126416015625,0.1412548828124999,0.00552197265625,12.14794921875,38.291015625,441.85791015625,3.3154052734375,13.01025390625,121.7724609375,11.29833984375,0.9138671875,0.0310858276367187,0.03514145730710929,0.010389124831102537,4.713068023694889,38.61371773385812,0.024752332476006753
33,101.494140625,0.001261474609375,0.000862744140625,0.1133251953125,0.01233056640625,10.80029296875,68.525390625,529.26025390625,1.3273193359375,13.10791015625,159.7802734375,14.44287109375,0.6841796875,0.0467927612304687,0.0284895485581975,0.009203044634909882,3.9304963620071347,38.54789630293765,0.019286503923287616
34,107.900390625,0.005866943359375,0.001061962890625,0.1723095703125,0.0045102539062499,12.47998046875,30.556640625,584.92431640625,2.3480224609375,13.38134765625,157.0458984375,1.04443359375,0.4123046875,0.0387929565429687,0.050108261635264315,0.02488338366405379,2.179864446940348,40.92001541201282,0.025224877971210525
35,128.84765625,0.00522314453125,0.00092060546875,0.133662109375,0.0020869140625,6.1591796875,31.34765625,481.4697265625,2.211865234375,5.3759765625,38.818359375,14.8974609375,0.256640625,0.0135862548828125,0.07184674728041152,0.04671879222706886,5.005873773019908,19.675381369454293,0.025127955053342657
36,132.7734375,0.0015361328125,0.0016798828125,0.12951171875,0.009326171875,9.083984375,67.2265625,433.740234375,2.07666015625,12.548828125,35.05859375,1.369140625,0.24296875,0.008001025390625,0.09299147588913415,0.06236917132817212,2.90310383083673,35.092752407121885,0.030622304560962023
37,138.896484375,0.005783447265625,0.000892529296875,0.1342724609375,0.0086870117187499,7.55322265625,33.818359375,409.50927734375,2.5974853515625,11.85302734375,89.1650390625,13.53369140625,0.7408203125000001,0.0332565063476562,0.07806205707667989,0.05521348077957604,4.276122614551652,28.937247835609522,0.02284857629710385
38,136.337890625,0.001859130859375,0.001757275390625,0.1449658203125,0.0107446289062499,9.12060546875,68.369140625,594.68994140625,1.0988037109375,12.05322265625,125.3271484375,4.43505859375,0.4310546875,0.0212324096679687,0.08720143126165143,0.06014408376262237,2.1818883772013673,35.28161531718069,0.027057347499029064
39,100.8203125,0.0095693359375,0.0008224609375,0.15587890625,0.0070566406249999,9.845703125,43.2421875,497.705078125,3.95810546875,5.888671875,154.00390625,8.779296875,0.69453125,0.040097802734375,0.028392599316344705,0.006660544355289589,4.992005635181824,32.760506409247554,0.021732054961055115
40,106.015625,0.003478515625,0.001653515625,0.0981640625,0.01305859375,12.47265625,58.203125,569.23828125,0.6865234375,13.02734375,33.0078125,12.29296875,0.8046875,0.00463525390625,0.025280144663757307,-0.003385192416781046,4.111440509341127,23.640261245673724,0.028665337080538353
41,103.798828125,0.003537841796875,0.001492626953125,0.1220166015625,0.00928173828125,9.11083984375,43.876953125,383.50830078125,0.3637451171875,13.07861328125,49.7216796875,3.79248046875,0.8724609375000001,0.0264517944335937,0.04295155833029265,0.004535599710479111,2.8792097827729726,38.5594024557551,0.038415958619813534
42,100.52734375,0.00287646484375,0.00102509765625,0.110322265625,0.0067763671874999,7.5751953125,65.13671875,515.4052734375,2.680322265625,9.7998046875,90.908203125,5.7509765625,0.518359375,0.0358783935546875,0.03634088361027491,0.008046230764716762,4.883969714100605,34.847185843253506,0.028294652845558148
43,126.07421875,0.00686669921875,0.00095673828125,0.162080078125,0.0124912109375,9.6650390625,31.46484375,591.0888671875,0.4180175781249999,13.9990234375,78.056640625,10.0439453125,0.966796875,0.0377320068359375,0.055527361774443104,0.033644155776733714,2.711299655069926,27.82259358304251,0.02188320599770939
44,139.84375,0.00103515625,0.00110859375,0.135078125,0.0090390625,11.1640625,35.15625,509.1796875,3.375390625,8.0078125,122.421875,9.3671875,0.265625,0.0338052734375,0.0995804437633857,0.07887185368670141,4.272172511885813,27.9418146516059,0.020708590076684297
45,113.359375,0.005623046875,0.001430859375,0.1485546875,0.01387890625,6.10546875,63.984375,458.88671875,2.2556640625,5.48828125,69.6484375,2.94140625,0.3015625,0.03878076171875,0.055619090596616946,0.032204211766974404,3.0194494343268183,22.574384867365215,0.023414878829642542
46,139.53125,0.00701171875,0.00155390625,0.098359375,0.0137421875,8.2734375,34.84375,522.8515625,2.979296875,12.7734375,60.078125,1.8203125,0.971875,0.0466830078125,0.09177887178855804,0.05485775909796763,2.708292016724961,33.20150729553924,0.0369211126905904
47,104.53125,0.00363671875,0.00167890625,0.110859375,0.0014921875,4.5234375,69.84375,554.1015625,3.466796875,14.0234375,77.578125,14.0703125,0.271875,0.0404392578125,0.0420292828855956,0.0222298194424269,6.011735259326466,28.592427792232552,0.0197994634431687
48,119.794921875,0.007145751953125,0.001649365234375,0.1775341796875,0.00829052734375,12.64111328125,32.763671875,370.20263671875,3.1116455078125,14.08935546875,128.4033203125,5.72705078125,0.5072265625000001,0.0013060668945312,0.05144560713696176,0.025063324786374946,3.429198961337522,36.16161978166705,0.026382282350586813
49,101.923828125,0.005084716796875,0.001289501953125,0.1110791015625,0.0147504882812499,8.32958984375,34.501953125,434.28955078125,2.3746826171875,14.17236328125,78.1591796875,10.57373046875,0.2349609375,0.0412807006835937,0.03736473511158505,0.01855899290157496,4.394866431900711,24.41597260048723,0.01880574221001009
50,129.599609375,0.009843994140625,0.000949169921875,0.1258740234374999,0.0127612304687499,3.43212890625,32.802734375,353.35693359375,2.0261962890625,5.77880859375,58.8134765625,14.49072265625,0.8923828125,0.0493536743164062,0.062449841085903554,0.04114453452050746,4.544661813282482,18.249323095285067,0.021305306565396094
51,110.185546875,0.004913330078125,0.001545849609375,0.1722607421874999,0.00870068359375,3.28564453125,62.216796875,351.15966796875,3.6677001953125,8.36669921875,107.3486328125,13.02783203125,0.3775390625,0.0053059692382812,0.03285200732182621,0.012500372853141784,4.333371064284323,23.74182221342947,0.020351634468684425
52,139.091796875,0.004456298828125,0.001229443359375,0.1632763671875,0.00820849609375,9.96533203125,59.248046875,543.54248046875,2.6774658203125,13.09326171875,34.6142578125,10.56689453125,0.5056640625,0.0351588989257812,0.08239710696198876,0.05905531309461447,3.9542633117478965,22.424511498587943,0.023341793867374297
53,112.197265625,0.008837646484375,0.001485791015625,0.0834423828125,0.01405322265625,12.30419921875,60.166015625,500.45166015625,3.6200927734375,14.72900390625,53.9599609375,7.14208984375,0.2263671875,0.0490366088867187,0.05543502984780248,0.037066779801359986,4.916618101107229,24.87442139239771,0.01836825004644249
54,114.84375,0.00216015625,0.00148359375,0.097578125,0.0037890625,4.9140625,30.15625,477.9296875,3.862890625,6.7578125,104.921875,4.1171875,0.365625,0.0150740234375,0.06318621569427685,0.0318685631510593,5.302441798553626,37.616969487568184,0.03131765254321755
55,100.244140625,0.006042724609375,0.001768994140625,0.1477001953125,0.00401806640625,3.61279296875,57.275390625,412.07275390625,1.9366943359375,8.42041015625,155.4052734375,10.50537109375,0.5091796875000001,0.0421099487304687,0.03544291315083093,0.011874580391946684,4.181324767644067,35.81987389993911,0.023568332758884245
56,101.162109375,0.001336181640625,0.000988232421875,0.1672802734375,0.00477685546875,5.69775390625,51.240234375,577.96630859375,1.2644775390625,13.20068359375,110.2197265625,10.22509765625,0.7736328125,0.0481829711914062,0.03120122664780029,0.007167253897906232,4.3802025448071715,37.056838715815644,0.024033972749894057
57,100.95703125,0.00798291015625,0.00103583984375,0.136201171875,0.0014033203125,11.5302734375,58.14453125,410.6689453125,1.381591796875,9.2236328125,107.451171875,12.8466796875,0.986328125,0.0240250244140625,0.030388510048841653,0.0014786268423222079,4.887896083438522,37.957518577546786,0.028909883206519445
58,132.294921875,0.005458251953125,0.001461865234375,0.0837841796875,0.00916552734375,4.51611328125,65.263671875,448.32763671875,2.8678955078125,7.21435546875,102.1533203125,11.85205078125,0.2572265625,0.0231591918945312,0.08725263300355966,0.06385275278522334,4.829436945467495,28.275304288357944,0.02339988021833632
59,132.177734375,0.009263916015625,0.001294873046875,0.0916943359375,0.00611669921875,12.82666015625,34.912109375,543.29833984375,3.8619384765625,6.89208984375,110.4931640625,7.24462890625,0.9064453125,0.0119887329101562,0.07112171043077842,0.0379945234560221,4.870403566821728,35.38518422873671,0.03312718697475632
60,108.80859375,0.00748193359375,0.00121650390625,0.1755566406249999,0.0136123046875,5.5048828125,33.41796875,582.7880859375,1.720556640625,8.9013671875,88.173828125,9.9619140625,0.790234375,0.0310004638671875,0.03008632954418518,0.010476283660522284,3.1809848522778115,23.54820669769352,0.0196100458836629
61,135.703125,0.007064453125,0.000880078125,0.1598828125,0.0066054687499999,6.92578125,61.640625,399.31640625,2.2404296875,10.29296875,80.0390625,9.33984375,0.5109375,0.00424501953125,0.06963331676882667,0.0420797312957241,3.988093143678575,27.886400017032475,0.02755358547310257
62,128.59375,0.00356640625,0.00120234375,0.150703125,0.0033515625,6.4765625,58.90625,454.4921875,3.009765625,10.8203125,153.046875,8.0546875,0.340625,0.0166349609375,0.08277080339931042,0.05597054772310157,4.35264286354211,39.071243492989986,0.026800255676208855
63,126.484375,0.008576171875,0.001446484375,0.0876171875,0.00972265625,5.01171875,35.859375,587.79296875,1.0978515625,10.64453125,80.5859375,1.41015625,0.9140625,0.02707373046875,0.07533238697959987,0.0355235009142433,1.8070817149381482,39.48623312906461,0.039808886065356576
64,115.25390625,0.00771923828125,0.00169013671875,0.174677734375,0.0013759765625,8.7763671875,35.56640625,525.4150390625,1.130224609375,12.2900390625,158.583984375,7.8427734375,0.8285156250000001,0.0028548095703125,0.0465199823297905,0.01770841394828099,3.6934986166952286,45.079451062332744,0.02881156838150951
65,106.484375,0.004076171875,0.000946484375,0.1376171875,0.00272265625,10.01171875,55.859375,462.79296875,3.0478515625,5.64453125,150.5859375,8.41015625,0.5140625000000001,0.00209873046875,0.03930491547472124,0.009653637913216582,5.014249050748909,38.49746606335213,0.029651277561504655
66,127.59765625,0.00944189453125,0.00176435546875,0.124287109375,0.0138994140624999,8.9716796875,42.59765625,364.2822265625,2.577490234375,10.6884765625,43.193359375,10.0849609375,0.931640625,0.0245128173828125,0.05724491975558075,0.03056539375579441,3.9176900346819927,22.45371870749878,0.02667952599978634
67,114.501953125,0.007914794921875,0.001072705078125,0.0827587890625,0.00548095703125,3.97412109375,57.861328125,397.66845703125,2.9916748046875,6.61376953125,82.2607421875,1.63232421875,0.6646484375,0.0224518920898437,0.060974049323738115,0.02418478335526815,4.617077783211573,38.30697703174797,0.036789265968469965
68,110.791015625,0.001138427734375,0.000849072265625,0.1557080078125,0.0142172851562499,8.43701171875,40.634765625,394.00634765625,3.3306396484375,11.87744140625,116.8505859375,9.16552734375,0.3044921875,0.0066961791992187,0.041390450630312825,0.01903442049783961,3.886490451644223,28.705633917446523,0.022356030132473215
69,106.044921875,0.001802001953125,0.001180615234375,0.1369091796875,0.00872802734375,6.07861328125,44.013671875,487.39013671875,3.9647705078125,10.02685546875,159.0283203125,7.91455078125,0.2322265625,0.0215982543945312,0.04726417610748496,0.025714298124005948,4.534590233965618,32.66952034188439,0.021549877983479016
70,124.873046875,0.002733642578125,0.001131787109375,0.1621044921875,0.00990380859375,6.02001953125,56.904296875,396.08154296875,3.6981689453125,11.25732421875,121.5673828125,5.04345703125,0.7962890625000001,0.0228665161132812,0.06184177351184592,0.033340418597380767,3.222394000459667,34.74197387081977,0.028501354914465156
71,131.865234375,0.005959228515625,0.001474560546875,0.1596630859375,0.01475732421875,8.37353515625,58.349609375,588.22021484375,1.2111572265625,6.81396484375,83.1494140625,4.94775390625,0.6376953125,0.0365734985351562,0.07109144836801422,0.04549960498885261,2.4265340092794467,23.108178115346643,0.025591843379161608
72,108.359375,0.008998046875,0.000805859375,0.1110546875,0.0086289062499999,7.35546875,58.984375,490.13671875,1.7681640625,11.73828125,122.1484375,4.69140625,0.4015625,0.02004951171875,0.050141255270398345,0.021118274859781294,3.548126579931401,39.54544422394849,0.02902298041061705
73,131.728515625,0.004864990234375,0.001513134765625,0.1236767578125,0.0036079101562499,9.92138671875,38.447265625,368.61572265625,3.0564208984375,12.11181640625,155.1318359375,7.52490234375,0.3732421875,0.0055254760742187,0.09018844687701355,0.06007021310031665,4.686156298574163,44.59027289107099,0.030118233776696902
74,133.30078125,0.00225244140625,0.00145380859375,0.148310546875,0.0088955078124999,8.2880859375,68.92578125,491.7236328125,3.499169921875,13.0126953125,152.841796875,9.1826171875,0.383203125,0.0148545166015625,0.07738292528164513,0.05582191059819278,3.801414425193274,34.405250072704696,0.021561014683452347
75,125.25390625,0.00996923828125,0.00144013671875,0.1496777343749999,0.0118759765624999,6.2763671875,45.56640625,462.9150390625,2.105224609375,9.7900390625,53.583984375,11.3427734375,0.628515625,0.0153423095703125,0.052369895903282206,0.02840985747483327,3.6700233077716327,20.84159785528936,0.023960038428448936
76,113.45703125,0.00967041015625,0.00122333984375,0.092451171875,0.0145283203124999,9.6552734375,55.64453125,395.0439453125,1.137841796875,11.0986328125,151.201171875,10.2216796875,0.536328125,0.0084156494140625,0.044016079502053,0.019384343269869073,3.8960228635811984,37.531383705258136,0.02463173623218393
77,106.15234375,0.00414208984375,0.00082197265625,0.090009765625,0.0091826171874999,4.9189453125,63.26171875,394.3115234375,3.472509765625,5.5810546875,119.345703125,12.9697265625,0.430859375,0.0038791748046875,0.03526007143913781,0.008331982424623527,6.0032471573272534,30.367282394653937,0.026928089014514288
78,126.640625,0.005587890625,0.001731640625,0.0934765625,0.0075898437499999,9.19140625,68.828125,549.70703125,1.4787109375,7.55859375,153.3203125,11.19921875,0.3671875,0.02102509765625,0.07164481834946826,0.048607652608156755,3.7504942820651133,33.90262300858555,0.023037165741311504
79,112.939453125,0.002500732421875,0.001299267578125,0.0960400390625,0.00187158203125,9.36474609375,40.048828125,489.46533203125,0.7674560546875,11.84814453125,120.5419921875,6.77294921875,0.2083984375,0.0400124389648437,0.06129753926022389,0.043252301285754385,4.998531654344217,33.30788074306136,0.018045237974469504
80,127.900390625,0.001366943359375,0.001561962890625,0.1223095703125,0.01151025390625,7.47998046875,50.556640625,459.92431640625,0.3980224609375,8.38134765625,87.0458984375,8.04443359375,0.8123046875,0.0138179565429687,0.06104722633129425,0.030800735305892366,2.919060000262908,29.024786215055006,0.030246491025401886
81,109.443359375,0.005660400390625,0.001187451171875,0.1200146484375,0.0120502929687499,7.37744140625,47.958984375,520.34912109375,2.2851806640625,12.84912109375,112.9541015625,6.12353515625,0.5455078125,0.0436952758789062,0.048201834265463095,0.021717009396173735,3.5712946931860867,34.80290808332744,0.02648482486928936
82,133.349609375,0.001687744140625,0.001230419921875,0.1227490234375,0.0053237304687499,11.86962890625,36.552734375,454.91943359375,2.8793212890625,6.71630859375,150.6884765625,12.30322265625,0.4173828125,0.0196958618164062,0.08341485168173504,0.05894117248347114,4.8642026409593155,34.02618387619349,0.024473679198263903
83,112.216796875,0.005440673828125,0.001057568359375,0.1117138671875,0.0053647460937499,5.74658203125,64.873046875,492.76123046875,0.3009033203125,10.43701171875,76.1767578125,9.03564453125,0.6931640625,0.0015987426757812,0.04245066455014336,0.007888696149644565,4.023497147709887,32.594866368370305,0.0345619684004988
84,113.916015625,0.007466552734375,0.000958447265625,0.0916455078125,0.00656103515625,6.40576171875,43.759765625,554.16259765625,1.9290771484375,5.47119140625,158.4130859375,5.44677734375,0.2169921875,0.0152813354492187,0.06018010211104404,0.03852601041713756,4.1681498588439565,35.871120562716264,0.02165409169390648
85,107.099609375,0.005906494140625,0.001011669921875,0.1446240234375,0.01363623046875,10.30712890625,40.302734375,556.48193359375,2.7574462890625,6.40380859375,120.0634765625,4.86572265625,0.2423828125,0.0462317993164062,0.04624160708215663,0.02825258958145142,3.5573689889450817,23.549227443502183,0.017989017500705213
86,105.91796875,0.00507373046875,0.00168720703125,0.118720703125,0.0109052734374999,8.2978515625,43.18359375,422.1435546875,2.291845703125,12.1630859375,88.447265625,9.3330078125,0.713671875,0.0312931396484375,0.036482258854324226,0.010024143860805535,3.9334022108397826,33.465347528185404,0.02645811499351869
87,112.48046875,0.00275341796875,0.00094501953125,0.1648144531249999,0.0057646484375,5.2509765625,42.87109375,400.6591796875,0.798876953125,5.2099609375,45.791015625,3.9736328125,0.8949218750000001,0.0238786865234375,0.055062398007806074,0.014375819637549492,3.0526150490828545,27.925681316993636,0.04068657837025658
88,105.537109375,0.004570556640625,0.000847607421875,0.1344677734375,0.01112060546875,3.04150390625,58.115234375,456.87255859375,0.9597900390625,11.48193359375,81.7822265625,3.00634765625,0.6861328125,0.0161837524414062,0.04457221364706491,0.007434062956813017,2.704536046314796,39.6813543220653,0.03713815069025189
89,133.8671875,0.0052275390625,0.0015978515625,0.08849609375,0.014849609375,9.591796875,43.3203125,585.107421875,3.40205078125,5.087890625,48.73046875,7.439453125,0.82109375,0.035122314453125,0.07133583673616314,0.042533154851101825,4.265161450361831,19.788120104010194,0.02880268188506132
90,111.865234375,0.001459228515625,0.000974560546875,0.1096630859375,0.0077573242187499,3.37353515625,38.349609375,463.22021484375,3.1611572265625,11.81396484375,153.1494140625,11.94775390625,0.2376953125,0.0115984985351562,0.054948919109111836,0.031748348255103934,5.107852051418944,35.772536635732465,0.023200570854007903
91,116.640625,0.007837890625,0.001481640625,0.1184765625,0.0110898437499999,6.69140625,58.828125,362.20703125,2.4537109375,10.05859375,48.3203125,7.69921875,0.5671875,0.00853759765625,0.04927967182073951,0.016185925690656716,4.352812914566659,24.35564853471672,0.03309374613008279
92,107.119140625,0.004777099609375,0.000972119140625,0.0805126953125,0.00379931640625,8.14404296875,60.400390625,400.35400390625,0.6570068359375,12.32666015625,48.2177734375,7.66162109375,0.7716796875,0.0147935424804687,0.05048726044333401,0.009595973854657045,5.3164007211394155,40.738395780038566,0.04089128658867696
93,134.501953125,0.003414794921875,0.001572705078125,0.1327587890625,0.01248095703125,8.97412109375,37.861328125,522.66845703125,1.0416748046875,11.61376953125,152.2607421875,8.63232421875,0.2646484375,0.0474268920898437,0.09456635175757162,0.07525448339420489,2.733523505936463,29.27656973428616,0.019311868363366735
94,109.794921875,0.004895751953125,0.000899365234375,0.1025341796875,0.01179052734375,10.14111328125,62.763671875,432.70263671875,2.1366455078125,11.58935546875,163.4033203125,2.22705078125,0.7072265625,0.0387685668945312,0.0542881055388372,0.022013963450739225,2.5331093126844517,49.42935441095946,0.03227414208809798
95,107.96875,0.00117578125,0.00153046875,0.105390625,0.0075078125,12.8828125,57.03125,552.1484375,3.680078125,10.0390625,37.109375,10.4609375,0.303125,0.0033669921875,0.03507497640299279,0.007041213252091495,5.574798852461295,23.21558130997289,0.028033763150901298
96,132.71484375,0.00266552734375,0.00120478515625,0.179853515625,0.0064482421875,11.2470703125,42.32421875,392.3583984375,1.370166015625,10.0341796875,48.251953125,3.6728515625,0.674609375,0.0073912841796875,0.0791355122296523,0.03765753165608073,2.9430665003511773,30.898012495638934,0.04147798057357157
97,127.20703125,0.00488916015625,0.00100458984375,0.1643261718749999,0.0062158203124999,12.4677734375,61.89453125,496.6064453125,1.503466796875,10.7861328125,120.576171875,2.7841796875,0.311328125,0.0318297119140625,0.08229428008439774,0.058526371897386346,2.8892939846659207,36.47167975425581,0.02376790818701139
98,113.8671875,0.0097275390625,0.0010978515625,0.13849609375,0.007849609375,4.591796875,63.3203125,460.107421875,1.45205078125,10.087890625,118.73046875,14.439453125,0.42109375,0.010147314453125,0.041132830835128455,0.019326933759693653,3.9507543629658888,27.765301529636993,0.021805897075434802
99,109.111328125,0.003326904296875,0.001172314453125,0.1712353515625,0.0122348632812499,9.65771484375,61.064453125,490.93017578125,3.4410888671875,11.43798828125,44.2529296875,8.27685546875,0.6662109375,0.0323053100585937,0.03722124263158844,0.012977945522819619,4.1669399116888615,21.942736821039055,0.024243297108768824
100,133.33984375,0.00899365234375,0.00103291015625,0.1345410156249999,0.0114794921874999,12.6533203125,64.19921875,365.0146484375,2.162353515625,5.8154296875,72.314453125,9.5791015625,0.287109375,0.0440733154296875,0.08660750731699042,0.06575941273623896,3.7119072940897166,20.742695871988285,0.02084809458075146
101,112.63671875,0.00834326171875,0.00108955078125,0.100361328125,0.0029755859374999,5.8369140625,53.02734375,585.2294921875,2.459423828125,9.0771484375,146.962890625,5.3408203125,0.335546875,0.0482683349609375,0.05717900563534625,0.036353901575204614,5.010215400311846,35.84306722335439,0.02082510406014164
102,103.80859375,0.00185693359375,0.00084150390625,0.163056640625,0.0118623046874999,4.2548828125,58.41796875,426.5380859375,3.183056640625,10.1513671875,140.673828125,8.2119140625,0.290234375,0.0497317138671875,0.039985216148787646,0.021858771832793326,4.015955937491243,27.434868863826807,0.01812644431599432
103,107.3046875,0.0015009765625,0.0014806640625,0.17521484375,0.001615234375,5.919921875,62.3828125,590.966796875,1.42158203125,10.478515625,117.63671875,9.736328125,0.27734375,0.026146923828125,0.04667547573706081,0.024649063645108306,3.704316710338867,31.513621462674447,0.022026412091952503
104,133.45703125,0.00517041015625,0.00172333984375,0.142451171875,0.0075283203125,4.6552734375,35.64453125,520.0439453125,3.087841796875,6.0986328125,81.201171875,3.2216796875,0.936328125,0.0333906494140625,0.0770630458465815,0.043058416520209586,3.129578275911993,27.002348091479664,0.03400462932637191
105,131.982421875,0.008481689453125,0.000954052734375,0.1470654296875,0.01408740234375,7.40673828125,64.951171875,465.90576171875,3.5077392578125,11.97998046875,46.3720703125,5.39892578125,0.9509765625,0.0102814575195312,0.061989289298327456,0.02859152529612166,3.6220093958539565,26.55270812800108,0.033397764002205794
106,105.7421875,0.0025556640625,0.0015822265625,0.14630859375,0.0085058593749999,11.310546875,56.4453125,456.201171875,0.41611328125,11.181640625,59.66796875,5.470703125,0.20859375,0.049951220703125,0.043703811903268386,0.027412220789810694,2.8268053722433826,22.735640053183705,0.016291591113457692
107,129.169921875,0.002223876953125,0.001571240234375,0.1603466796875,0.00938427734375,3.73486328125,60.888671875,585.04638671875,3.2944580078125,12.37060546875,47.4658203125,4.19580078125,0.7447265625000001,0.0255005981445312,0.06755353070143094,0.03584359610851569,3.507025380860744,25.522048553893313,0.031709934592915254
108,127.119140625,0.009277099609375,0.001472119140625,0.1305126953124999,0.0107993164062499,3.14404296875,40.400390625,525.35400390625,2.6070068359375,7.32666015625,118.2177734375,14.66162109375,0.3716796875,0.0397685424804687,0.06852639505541301,0.051032337599033646,4.105564612745282,22.07808141735807,0.017494057456379365
109,111.396484375,0.004095947265625,0.001205029296875,0.1280224609375,0.00956201171875,9.42822265625,66.318359375,425.13427734375,3.3287353515625,9.97802734375,80.4150390625,7.40869140625,0.8908203125,0.0426221313476562,0.04591422060604837,0.017180419521722175,4.258689086238479,31.232444761142396,0.028733801084326195
110,131.181640625,0.006956787109375,0.001214306640625,0.1031689453125,0.0054399414062499,10.40966796875,40.712890625,546.83837890625,0.1999755859375,10.37353515625,147.7490234375,5.80224609375,0.4404296875,0.0034767456054687,0.08678978688381811,0.05313475053986259,2.78717639950834,47.087823662733,0.03365503634395552
111,131.34765625,0.00916064453125,0.00098310546875,0.102412109375,0.0117119140624999,5.5341796875,58.84765625,403.3447265625,0.993115234375,6.0009765625,152.568359375,10.5224609375,0.306640625,0.0229518798828125,0.08562832633796855,0.06124670434613859,3.2864837851182203,30.00804083424534,0.024381621991829958
112,115.888671875,0.005634033203125,0.001715771484375,0.1177685546875,0.00331396484375,9.39892578125,40.732421875,587.97607421875,2.6393798828125,5.69091796875,42.5439453125,8.18798828125,0.2853515625,0.0155496215820312,0.0562864699830596,0.030132168242957464,4.233638859196079,26.029516800533397,0.026154301740102134
113,128.603515625,0.007536865234375,0.000997509765625,0.1127392578125,0.01301416015625,6.01513671875,41.572265625,364.70947265625,2.2642333984375,11.64306640625,91.6943359375,12.55615234375,0.5607421875,0.0406465698242187,0.07090078329543746,0.047888053017825005,4.358264750901827,27.648248770535275,0.023012730277612456
114,128.779296875,0.001292236328125,0.000940380859375,0.1515576171875,0.0111616210937499,9.41845703125,40.810546875,494.71435546875,2.0985595703125,5.20263671875,147.2705078125,7.61376953125,0.4119140625,0.0097936645507812,0.06844374511453,0.04335889680858756,3.324162290145288,29.618090761452233,0.025084848305942438
115,127.255859375,0.004324462890625,0.001789013671875,0.0879833984375,0.00800341796875,8.86181640625,34.521484375,455.89599609375,0.9140869140625,9.48974609375,114.0478515625,7.76416015625,0.4892578125,0.0276956665039062,0.07865547048689057,0.04904095104265676,3.365179146911974,36.92055542330709,0.029614519444233815
116,106.826171875,0.007110595703125,0.000864208984375,0.1357373046875,0.0038608398437499,6.50830078125,48.544921875,363.36669921875,1.8167236328125,13.42529296875,124.5751953125,9.82861328125,0.4416015625,0.0096961059570312,0.0455503768072685,0.015274112354369705,4.716107369070996,39.986791531125206,0.030276264452898792
117,108.564453125,0.005735107421875,0.001314892578125,0.1538525390625,0.01084033203125,9.52099609375,58.173828125,423.05908203125,0.5846435546875,11.06689453125,52.7294921875,10.05419921875,0.9458984375,0.0329882202148437,0.03528579058439221,0.009239537249433785,3.234462980335345,27.437714354430526,0.026046253334958427
118,113.876953125,0.001305419921875,0.000900830078125,0.1249462890625,0.00876220703125,5.38037109375,35.986328125,370.32470703125,1.7119873046875,12.39501953125,58.1982421875,10.16357421875,0.2771484375,0.0357198608398437,0.05811387666862148,0.03478416515896494,4.471989133441926,26.356541146178674,0.023329711509656542
119,110.15625,0.00321484375,0.00081953125,0.112421875,0.0130859374999999,10.3046875,35.46875,456.4453125,0.846484375,6.0546875,84.140625,6.8515625,0.959375,0.0193666015625,0.045274097070118605,0.009871998815666591,3.5785201445431043,32.27869376112537,0.035402098254452015
120,108.173828125,0.007053466796875,0.001195751953125,0.1579541015625,0.00906298828125,3.64208984375,38.251953125,395.22705078125,1.2778076171875,6.35986328125,152.5341796875,13.63623046875,0.2099609375,0.0053791381835937,0.04052528012464204,0.021413819608358788,3.5107523302220303,25.760230544951707,0.01911146051628325
121,129.78515625,0.00205908203125,0.00160029296875,0.117255859375,0.0109462890625,4.3623046875,55.41015625,522.4853515625,0.901708984375,5.9228515625,153.662109375,11.7255859375,0.587890625,0.0381710205078125,0.06946757127839892,0.04832904947660908,3.2312325966881685,28.163580954028678,0.021138521801789843
122,135.087890625,0.006077880859375,0.000913525390625,0.1168408203125,0.00505712890625,6.30810546875,57.119140625,461.87744140625,1.7081787109375,6.74072265625,120.9521484375,6.62255859375,0.7560546875,0.0165495971679687,0.08622626794400966,0.04968518428799849,3.9699279069492133,39.71701045927633,0.036541083656011164
123,111.58203125,0.00334228515625,0.00108271484375,0.1565136718749999,0.0064345703124999,7.6240234375,58.76953125,555.2001953125,3.636279296875,6.2548828125,122.763671875,6.9404296875,0.448828125,0.0138789306640625,0.04530731745535135,0.018441608295099988,4.23593433818549,29.597400538289556,0.02686570916025136
124,132.48046875,0.00725341796875,0.00144501953125,0.114814453125,0.0127646484374999,10.2509765625,62.87109375,525.6591796875,2.748876953125,10.2099609375,115.791015625,10.9736328125,0.494921875,0.0488536865234375,0.0768171931089166,0.05700618167411449,3.92021423518014,26.766103089346462,0.019811011434802114
125,114.736328125,0.009373779296875,0.001437939453125,0.1290478515624999,0.0072036132812499,9.81396484375,37.939453125,432.33642578125,3.7457763671875,10.65673828125,112.0654296875,4.99560546875,0.5787109375,0.0377685913085937,0.05740629421848906,0.028265255110906867,3.9432923788766105,34.36076026324465,0.02914103910758219
126,129.16015625,0.00838720703125,0.00136591796875,0.096943359375,0.0067900390624999,3.2685546875,38.53515625,495.1416015625,3.522021484375,10.1416015625,107.724609375,6.6943359375,0.950390625,0.0014889892578124,0.06114903833309363,0.02738394974067261,4.83259986840341,36.1848357021312,0.03376508859242102
127,112.20703125,0.00601416015625,0.00087958984375,0.151826171875,0.0114658203125,6.2177734375,36.89453125,590.3564453125,1.015966796875,12.0361328125,138.076171875,11.5341796875,0.811328125,0.0255859619140625,0.03660063132059043,0.016174890421869082,3.0637432676822662,31.505395952332133,0.02042574089872135
128,123.80859375,0.00635693359375,0.00134150390625,0.113056640625,0.0048623046874999,9.2548828125,38.41796875,551.5380859375,1.233056640625,5.1513671875,70.673828125,1.2119140625,0.690234375,0.0247567138671875,0.07329863198121463,0.03613415431869964,2.721441999021046,37.25224689561083,0.03716447766251499
129,117.255859375,0.002074462890625,0.001539013671875,0.1129833984375,0.0045034179687499,6.36181640625,44.521484375,518.39599609375,3.8390869140625,11.98974609375,79.0478515625,11.26416015625,0.2892578125,0.0401831665039062,0.06386939008882758,0.042057493746927875,5.516637691694188,28.85186753350917,0.021811896341899707
130,104.072265625,0.002228271484375,0.001438916015625,0.1725048828124999,0.0116469726562499,10.27294921875,40.791015625,519.98291015625,0.6341552734375,11.13525390625,43.0224609375,10.42333984375,0.2638671875,0.0217202026367187,0.035553724089910005,0.01362080072347599,2.9745107234341712,19.702360618123937,0.021932923366434015
131,134.296875,0.009349609375,0.000907421875,0.0805859375,0.00392578125,7.58984375,56.796875,429.58984375,2.4689453125,5.41015625,57.6171875,11.58203125,0.3703125,0.04853662109375,0.09337532914284857,0.06837892165569803,5.195857449949259,29.27396751520609,0.02499640748715054
132,130.7421875,0.0081806640625,0.0017072265625,0.15880859375,0.0067558593749999,7.560546875,41.4453125,362.451171875,1.87861328125,12.431640625,77.16796875,10.720703125,0.90859375,0.043707470703125,0.06652142133586592,0.043457875361870096,4.257758593405266,26.91851275136138,0.02306354597399582
133,107.44140625,0.00610205078125,0.00090107421875,0.091083984375,0.0023603515625,7.1357421875,32.75390625,425.8056640625,2.379443359375,9.8681640625,74.365234375,6.2021484375,0.697265625,0.0219762939453125,0.05104549801178505,0.01380452185349862,5.892075643339953,38.21445758842861,0.03724097615828643
134,112.900390625,0.009241943359375,0.001686962890625,0.0848095703125,0.00276025390625,11.22998046875,45.556640625,366.17431640625,1.8605224609375,9.63134765625,34.5458984375,6.29443359375,0.3123046875,0.0200617065429687,0.05734324132368943,0.028744334667619945,5.006508914428163,29.251811461463785,0.028598906656069487
135,134.404296875,0.006776611328125,0.001674755859375,0.0937451171875,0.00131787109375,9.26220703125,57.685546875,428.30810546875,2.8907470703125,6.92138671875,79.4580078125,10.89501953125,0.7494140625000001,0.0168178833007812,0.08160879894193952,0.04738080679977979,5.810130233177422,36.720922531145504,0.034227992142159734
136,109.169921875,0.006723876953125,0.001071240234375,0.1103466796875,0.0023842773437499,8.73486328125,40.888671875,460.04638671875,1.3444580078125,7.37060546875,117.4658203125,11.19580078125,0.3447265625,0.0005255981445312,0.044588789115359524,0.016405261772586558,5.256315537381621,34.33175688458427,0.028183527342772966
137,112.724609375,0.004359619140625,0.001496044921875,0.1399365234375,0.00204248046875,5.77587890625,39.677734375,552.57568359375,3.5496337890625,7.49755859375,56.6259765625,13.39697265625,0.4298828125,0.0064278930664062,0.03752893804773606,0.012665206317727107,5.149735808639557,21.61217271741007,0.024863731730008956
138,106.767578125,0.003713623046875,0.000840283203125,0.0966259765625,0.0132739257812499,6.80615234375,68.408203125,581.75048828125,3.9133544921875,8.11767578125,52.4560546875,9.64404296875,0.9693359375,0.0293785522460937,0.03558613702875991,0.004913485687603246,5.4410023698204535,25.954178651170274,0.03067265134115666
139,125.537109375,0.009070556640625,0.001347607421875,0.0844677734375,0.00412060546875,8.04150390625,38.115234375,581.87255859375,2.9097900390625,6.48193359375,151.7822265625,10.00634765625,0.2861328125,0.0411587524414062,0.07987864832621629,0.059085527319455294,5.17470159607807,33.93943816073221,0.020793121006760992
140,110.126953125,0.004961669921875,0.001182080078125,0.1655712890625,0.01182470703125,10.69287109375,57.236328125,550.01220703125,0.3713623046875,10.83251953125,53.8232421875,12.35107421875,0.7521484375,0.0060620483398437,0.025894098527295444,0.0027495464415025206,3.332515129362078,21.098089444537912,0.023144552085792924
141,129.052734375,0.007435791015625,0.000872998046875,0.1651318359375,0.00546044921875,11.10791015625,39.287109375,430.01708984375,2.3385009765625,12.04833984375,38.3056640625,8.77587890625,0.4939453125,0.0393051391601562,0.07476029646054913,0.047822582915618514,4.063675894900798,23.451802914626704,0.026937713544930617
142,133.80859375,0.00410693359375,0.00109150390625,0.138056640625,0.0013623046875,11.7548828125,68.41796875,489.0380859375,0.258056640625,7.6513671875,35.673828125,4.7119140625,0.490234375,0.0372442138671875,0.09127924291528154,0.06178148783525953,2.9787266549905533,39.774204744645026,0.02949775508002201
143,104.82421875,0.00996044921875,0.00148798828125,0.165205078125,0.0041787109375,9.9775390625,55.21484375,364.5263671875,1.271142578125,11.8115234375,91.181640625,6.9814453125,0.591796875,0.0268054443359375,0.04217409782602504,0.011375395761336319,3.4680406751475834,36.054700094876345,0.030798702064688724
144,113.5546875,0.0017822265625,0.0012619140625,0.1533398437499999,0.0029277343749999,8.732421875,36.1328125,551.904296875,3.24970703125,5.166015625,78.26171875,9.298828125,0.85234375,0.027707861328125,0.04499118593565154,0.01644222095063494,4.920525123361646,25.067083965918957,0.0285489649850166
145,109.072265625,0.005603271484375,0.001563916015625,0.1600048828125,0.0133969726562499,11.52294921875,65.791015625,363.73291015625,2.0966552734375,9.88525390625,130.5224609375,8.67333984375,0.7638671875,0.0029889526367187,0.027648494401500027,0.004707318848368338,3.139730015398539,34.1041709391286,0.022941175553131687
146,129.794921875,0.009395751953125,0.001399365234375,0.1525341796875,0.00479052734375,5.14111328125,42.763671875,557.70263671875,0.1866455078125,6.58935546875,93.4033203125,9.22705078125,0.3072265625,0.0137935668945312,0.07517400552560535,0.04897914588480421,6.064347950945121,25.77890942841931,0.026194859640801142
147,106.591796875,0.008393798828125,0.001541943359375,0.1570263671875,0.0143334960937499,5.59033203125,36.748046875,434.16748046875,0.9712158203125,12.46826171875,148.3642578125,6.19189453125,0.5556640625,0.0195495239257812,0.03782388317112027,0.013200944498647935,2.3788008702239964,37.48618022361522,0.02462293867247234
148,113.80859375,0.00860693359375,0.00159150390625,0.088056640625,0.0083623046874999,6.7548828125,48.41796875,364.0380859375,2.208056640625,12.6513671875,105.673828125,11.7119140625,0.8902343750000001,0.0122692138671875,0.04457207292939245,0.014296508784718252,5.131462869364773,38.19444655752465,0.030275564144674198
149,111.044921875,0.005177001953125,0.001555615234375,0.1244091796875,0.0139780273437499,7.32861328125,39.013671875,456.14013671875,0.5522705078125,6.27685546875,36.5283203125,2.66455078125,0.5322265625,0.0403295043945312,0.05184934319965969,0.02151685796245891,2.294901748023672,23.33646061345773,0.03033248523720078
150,132.783203125,0.009989013671875,0.001506298828125,0.1393994140625,0.0067387695312499,8.62255859375,34.580078125,398.64501953125,2.7936279296875,14.93408203125,113.4326171875,5.62451171875,0.4615234375,0.0339638061523437,0.08855510518198471,0.0602911244561553,3.6956734147321675,37.434570936048,0.02826398072582941
151,130.41015625,0.00810595703125,0.00108466796875,0.118818359375,0.0046025390624999,11.7060546875,64.78515625,518.5791015625,1.937646484375,5.4541015625,94.599609375,6.2568359375,0.375390625,0.0030499267578125,0.0773124575762228,0.04459545886584236,4.028442319532788,32.18506857311229,0.032716998710380446
152,113.271484375,0.009299072265625,0.001064404296875,0.1452099609375,0.0014682617187499,7.70947265625,68.193359375,522.79052734375,2.0490478515625,12.63427734375,51.9775390625,10.68994140625,0.9783203125,0.0355979125976562,0.04575856688372172,0.016965909903377336,4.733597383254697,29.069897478695925,0.028792656980344385
153,112.71484375,0.00716552734375,0.00170478515625,0.129853515625,0.0134482421874999,6.2470703125,62.32421875,517.3583984375,3.320166015625,5.0341796875,118.251953125,10.6728515625,0.274609375,0.0323662841796875,0.048004733046134666,0.029932177286237323,4.186752362164976,20.661793479755502,0.018072555759897344
154,112.734375,0.003794921875,0.001790234375,0.1657421875,0.00403515625,7.19921875,42.109375,423.73046875,1.4634765625,10.95703125,49.9609375,8.84765625,0.7390625,0.00053779296875,0.031105255499969196,0.0026121961956407035,3.9274880592584616,22.67586946634928,0.028493059304328494
155,109.345703125,0.003168701171875,0.001748486328125,0.1433056640625,0.0015981445312499,9.95068359375,54.267578125,549.03564453125,2.3365966796875,12.98095703125,90.4638671875,7.70263671875,0.7302734375,0.0484024780273437,0.0483533653095302,0.01960041782924585,4.252382500642311,34.76715705086674,0.02875294748028435
156,105.01953125,0.00102197265625,0.00135615234375,0.127607421875,0.0080751953124999,10.8271484375,59.70703125,514.1845703125,1.229248046875,10.7080078125,152.294921875,11.6435546875,0.367578125,0.0306590087890625,0.04177033192598641,0.01979071464504241,3.662168133500756,35.482223897851085,0.021979617280944004
157,121.875,0.007890625,0.001003125,0.0846875,0.0099687499999999,7.21875,41.875,392.96875,1.9890625,10.46875,154.6875,7.34375,0.9625,0.02424453125,0.06360811341315534,0.031257717569568064,3.833720528532399,44.5315863711535,0.032350395843587273
158,132.83203125,0.00756103515625,0.00148896484375,0.1721386718749999,0.0103720703124999,3.5615234375,57.51953125,484.8876953125,0.345654296875,10.3173828125,57.138671875,8.2529296875,0.5238281250000001,0.0216836181640625,0.07085719409309375,0.04402216914296196,2.682769277873279,22.94367791292935,0.02683502495013179
159,134.287109375,0.009914306640625,0.001128857421875,0.1063427734375,0.0019331054687499,6.47900390625,64.365234375,558.43505859375,0.5941650390625,11.79443359375,51.1572265625,10.44384765625,0.8611328125,0.0427196899414062,0.08260632741319741,0.049189175171217056,4.272702288526792,32.66802816687915,0.03341715224198036
160,132.841796875,0.003612548828125,0.001698193359375,0.0851513671875,0.00602099609375,4.02783203125,40.498046875,582.60498046875,0.6055908203125,12.15576171875,117.7392578125,12.75439453125,0.3806640625,0.0460854614257812,0.08896109712039414,0.06498196750371646,3.889609283199135,35.07680447467393,0.023979129616677683
161,106.689453125,0.002781982421875,0.001455517578125,0.1179150390625,0.00318408203125,7.80224609375,56.298828125,528.52783203125,2.8393310546875,6.53564453125,81.1669921875,6.33544921875,0.8333984375000001,0.0384515014648437,0.04542494444492886,0.011303663607060942,4.814370534214934,31.710037572293185,0.03412128083786792
162,130.927734375,0.004482666015625,0.001388623046875,0.1698193359374999,0.01005419921875,5.01416015625,41.162109375,426.11083984375,3.4963134765625,11.57958984375,114.8681640625,3.30712890625,0.2814453125,0.0010621704101562,0.07746958566208231,0.04940048663499133,3.523109370898284,32.56338981083675,0.028069099027090982
163,126.044921875,0.006302001953125,0.001680615234375,0.0869091796875,0.0017280273437499,11.07861328125,64.013671875,362.39013671875,2.0147705078125,5.02685546875,89.0283203125,14.91455078125,0.6322265625000001,0.0465732543945312,0.07694067323592302,0.0472393392583968,6.035830130535651,33.093824472683146,0.029701333977526216
164,111.298828125,0.005225341796875,0.001680126953125,0.1782666015625,0.00665673828125,12.23583984375,41.376953125,399.13330078125,0.1199951171875,7.45361328125,93.4716796875,4.66748046875,0.4224609375,0.0420611694335937,0.05523361827354703,0.028268666154256217,2.16111459130643,28.637167508899495,0.026964952119290814
165,108.73046875,0.00247216796875,0.00178876953125,0.136689453125,0.0079521484374999,11.8134765625,59.12109375,361.5966796875,2.870751953125,10.5224609375,155.166015625,4.4111328125,0.269921875,0.0223177490234375,0.05412614319601004,0.029569131764605204,3.794084475445373,37.42544712920169,0.02455701143140484
166,131.58203125,0.00784228515625,0.00158271484375,0.106513671875,0.0134345703124999,12.6240234375,38.76953125,430.2001953125,1.686279296875,11.2548828125,52.763671875,13.9404296875,0.848828125,0.0388539306640625,0.06524166154731875,0.04234510372052786,4.026073529954043,24.02023923518887,0.02289655782679089
167,128.33984375,0.00561865234375,0.00140791015625,0.122041015625,0.0132294921874999,11.4033203125,59.19921875,583.7646484375,1.674853515625,12.0654296875,124.814453125,14.8291015625,0.587109375,0.0128545654296875,0.05463852340718652,0.03561043514429761,3.792869464708662,28.704447253057047,0.01902808826288891
168,110.7421875,0.0036806640625,0.0012072265625,0.10880859375,0.0137558593749999,12.560546875,61.4453125,487.451171875,3.82861328125,7.431640625,147.16796875,3.720703125,0.50859375,0.018732470703125,0.047609491934814674,0.019551072127425375,3.266239957431043,36.58045604081493,0.0280584198073893
169,106.5234375,0.0063173828125,0.0015236328125,0.1513867187499999,0.0036386718749999,10.646484375,50.9765625,582.177734375,2.44228515625,12.861328125,91.93359375,8.806640625,0.41796875,0.031415087890625,0.04187064668900176,0.017100347559936887,4.171949634511307,29.838084123492905,0.024770299129064876
170,124.82421875,0.00546044921875,0.00098798828125,0.115205078125,0.0111787109375,4.9775390625,35.21484375,489.5263671875,3.221142578125,6.8115234375,161.181640625,13.9814453125,0.991796875,0.0018304443359375,0.04085412244298546,0.019793076689661245,5.765586870794336,30.02019621352786,0.021061045753324216
171,125.78125,0.00166796875,0.00127265625,0.107734375,0.0133046874999999,5.4609375,43.59375,390.0390625,2.126171875,11.8359375,90.703125,3.1328125,0.696875,0.0263908203125,0.0765229603122908,0.038706807089060255,3.0153295103827222,36.91566373866513,0.03781615322323055
172,133.10546875,0.00120654296875,0.00130439453125,0.132001953125,0.0046708984374999,6.9697265625,62.24609375,428.0029296875,0.128564453125,7.2412109375,157.353515625,7.2548828125,0.5824218750000001,0.0293419677734375,0.09191828195759938,0.05960774175888473,5.149295538327593,44.30049042869961,0.03231054019871465
173,132.3828125,0.0061240234375,0.0009396484375,0.16447265625,0.003447265625,12.423828125,47.9296875,550.439453125,2.03857421875,12.685546875,128.84765625,8.013671875,0.81328125,0.048292724609375,0.0788262230411632,0.0519788797815398,3.802519739332207,38.689881325752175,0.026847343259623402
174,108.33984375,0.00111865234375,0.00090791015625,0.172041015625,0.0062294921875,6.4033203125,39.19921875,458.7646484375,3.624853515625,7.0654296875,54.814453125,7.8291015625,0.987109375,0.0378295654296875,0.03790137388110034,0.009775659892593182,4.371426736707371,24.036228968025263,0.028125713988507158
175,134.82421875,0.00771044921875,0.00173798828125,0.140205078125,0.0146787109374999,7.4775390625,65.21484375,552.0263671875,2.246142578125,9.3115234375,126.181640625,10.4814453125,0.391796875,0.0392929443359375,0.07787736991651857,0.060600553094974245,3.1880751702846504,23.72715858292178,0.017276816821544326
176,123.134765625,0.003704833984375,0.000899853515625,0.1060986328125,0.0025688476562499,8.00732421875,38.603515625,490.68603515625,0.9083740234375,11.05712890625,90.0537109375,5.28271484375,0.2076171875,0.0158666870117187,0.0802127626562117,0.05663912748958333,4.576571586936231,35.85402214150194,0.023573635166628373
177,111.494140625,0.008011474609375,0.001612744140625,0.1383251953124999,0.00883056640625,8.30029296875,38.525390625,591.76025390625,0.3523193359375,10.60791015625,124.7802734375,10.94287109375,0.4841796875,0.0093302612304687,0.037472505582311674,0.014723669919397669,2.8777999972266377,29.40925606791052,0.022748835662914003
178,127.353515625,0.007818115234375,0.001091259765625,0.1783642578124999,0.00907666015625,10.07763671875,60.322265625,560.02197265625,3.8486083984375,10.08056640625,87.3193359375,11.24365234375,0.8857421875,0.0234762573242187,0.05063249566256929,0.031127304921993573,3.7578735961670473,23.53735762457126,0.019505190740575717
179,124.443359375,0.006785400390625,0.001312451171875,0.1575146484375,0.00680029296875,8.62744140625,42.958984375,489.09912109375,2.7726806640625,11.59912109375,130.4541015625,14.87353515625,0.4455078125,0.0124765258789062,0.055278040010714714,0.035751701336250254,4.155839653582012,28.641928305142926,0.01952633867446446
180,134.921875,0.002177734375,0.001079296875,0.1258984375,0.0137695312499999,6.18359375,39.921875,464.74609375,1.3111328125,11.19140625,81.6796875,6.98828125,0.7828125000000001,0.01185458984375,0.07159329869004875,0.03977019306292388,3.332343050844442,31.443343117232835,0.03182310562712488
181,123.515625,0.006291015625,0.001466015625,0.1669140625,0.0121835937499999,4.34765625,40.703125,491.11328125,1.4177734375,6.15234375,59.2578125,6.16796875,0.7546875,0.02024462890625,0.0559208957946242,0.02592725849194139,3.031492572552834,20.22527771469398,0.02999363730268281
182,127.08984375,0.00983740234375,0.00168916015625,0.156416015625,0.0092919921875,4.8408203125,37.94921875,404.0771484375,0.577978515625,11.1279296875,129.189453125,9.1416015625,0.862109375,0.0456342529296875,0.06380157201020643,0.04238839438595921,2.6535091386326752,30.49221079089278,0.021413177624247222
183,129.7265625,0.0099560546875,0.0016388671875,0.17814453125,0.0063457031249999,4.025390625,35.2734375,428.369140625,2.99833984375,10.615234375,86.73828125,14.740234375,0.8226562500000001,0.019610498046875,0.0526720496823347,0.03425343640794238,3.625018103321455,22.454040583995486,0.01841861327439232
184,109.736328125,0.005998779296875,0.000812939453125,0.1415478515625,0.0019536132812499,8.56396484375,42.939453125,526.08642578125,0.3332763671875,6.90673828125,94.5654296875,3.24560546875,0.2787109375,0.0190373413085937,0.05229281862668955,0.027134471827289067,3.232269374830797,33.47448439954348,0.025158346799400485
185,132.705078125,0.005471435546875,0.001660595703125,0.1052197265625,0.0037583007812499,7.35302734375,55.595703125,419.64111328125,2.1766357421875,13.03955078125,143.2373046875,8.00341796875,0.4880859375,0.0180617553710937,0.09047489819415387,0.05847004064733512,4.493561492064893,45.744396326965294,0.032004857546818755
186,112.5,0.0026875,0.0011125,0.1362499999999999,0.0141249999999999,7.375,32.5,365.625,0.34375,14.375,73.75,7.125,0.65,0.015659375,0.04878446154535398,0.016219543011624694,3.0538066712949985,32.856319365543285,0.03256491853372928
187,130.3515625,0.0025029296875,0.0011232421875,0.15783203125,0.009189453125,11.994140625,44.6484375,424.462890625,3.79052734375,10.771484375,163.30078125,6.208984375,0.61015625,0.032878466796875,0.07551069356601137,0.051632050329428476,4.1897663873522735,36.555787894787336,0.02387864323658289
188,113.134765625,0.001454833984375,0.001149853515625,0.0810986328125,0.01306884765625,5.50732421875,48.603515625,428.18603515625,3.8333740234375,8.55712890625,125.0537109375,8.78271484375,0.4076171875,0.0033791870117187,0.04840617157369909,0.01923674069074465,5.05458241032333,33.36655314240704,0.029169430882954442
189,109.1015625,0.0072841796875,0.0008419921875,0.08595703125,0.0043769531249999,10.431640625,38.3984375,588.525390625,3.66865234375,11.083984375,106.42578125,12.771484375,0.83515625,0.006342529296875,0.03804229373767211,0.006757399419059132,6.303610709577078,37.172991238597355,0.03128489431861298
190,131.044921875,0.009677001953125,0.001055615234375,0.1744091796875,0.0069780273437499,12.32861328125,59.013671875,581.14013671875,2.5022705078125,11.27685546875,106.5283203125,9.66455078125,0.9322265625,0.0153545043945312,0.057534743797907954,0.03438340032989366,3.68144991758095,30.12151381844728,0.023151343468014292
191,127.744140625,0.004355224609375,0.001331494140625,0.1164501953125,0.0031430664062499,11.73779296875,44.775390625,427.69775390625,0.2304443359375,10.29541015625,146.6552734375,4.38037109375,0.2591796875,0.0327443237304687,0.08930195136839476,0.06643813472553349,3.3809898169942767,38.08126962634831,0.022863816642861273
192,133.76953125,0.00636572265625,0.00163740234375,0.149482421875,0.0032626953124999,8.6396484375,63.45703125,365.7470703125,1.351123046875,11.0205078125,121.669921875,5.0810546875,0.592578125,0.0041230712890624,0.08543493163495837,0.049056954481145054,3.487796475417085,43.58840446019755,0.036377977153813315
193,114.1015625,0.0084091796875,0.0014669921875,0.17345703125,0.0061269531249999,9.181640625,43.3984375,369.775390625,0.25615234375,7.333984375,88.92578125,11.021484375,0.73515625,0.025073779296875,0.043988425713473917,0.019532533670927776,3.6628870637834474,25.942338504931175,0.02445589204254614
194,129.39453125,0.00285009765625,0.00096552734375,0.094794921875,0.0091689453125,8.7958984375,35.33203125,557.1533203125,1.655810546875,11.8017578125,53.857421875,8.3623046875,0.655078125,0.0220738525390625,0.0746342375291019,0.04004634220934945,4.268911854516587,32.22774677614781,0.03458789531975244
195,130.64453125,0.00256884765625,0.00174677734375,0.122919921875,0.0113564453124999,5.9833984375,61.58203125,580.5908203125,3.971435546875,6.4892578125,145.732421875,8.7998046875,0.480078125,0.0236347900390625,0.06828172313735527,0.04723039674180089,3.6991706717586403,27.16612776042259,0.021051326395554376
196,108.603515625,0.003036865234375,0.001497509765625,0.1627392578124999,0.0060141601562499,11.01513671875,61.572265625,489.70947265625,0.3142333984375,6.64306640625,161.6943359375,5.55615234375,0.9607421875,0.0156715698242187,0.04258956973436373,0.010402758000920949,2.3929442199720596,45.71491960352042,0.03218681173344278
197,107.744140625,0.008855224609375,0.000831494140625,0.1664501953125,0.0101430664062499,6.73779296875,64.775390625,552.69775390625,2.1804443359375,5.29541015625,76.6552734375,11.38037109375,0.6591796875,0.0077693237304687,0.025388384915180914,0.0018505660134092562,3.8929586364174376,19.24305531064944,0.023537818901771656
198,133.22265625,0.00423876953125,0.00084248046875,0.169599609375,0.0058056640624999,9.1279296875,55.72265625,547.8759765625,2.394677734375,11.4697265625,111.005859375,6.8037109375,0.219140625,0.0050010986328125,0.08746802413853214,0.06267004057421859,3.6848618381412996,32.62643086069778,0.02479798356431355
199,132.724609375,0.008859619140625,0.000996044921875,0.0899365234375,0.00904248046875,10.77587890625,59.677734375,427.57568359375,1.5996337890625,12.49755859375,126.6259765625,6.39697265625,0.8298828125,0.0314028930664062,0.08366824611337763,0.049781894880419834,3.5918467782003947,44.39531794599214,0.033886351232957794
200,128.49609375,0.00853662109375,0.00161494140625,0.115400390625,0.0040966796875,7.7705078125,46.23046875,553.4912109375,1.994775390625,8.9794921875,38.955078125,4.6025390625,0.7339843750000001,0.0313906982421875,0.07435274548257717,0.03979704356068423,3.3862506269709667,29.521559649243446,0.03455570192189294
201,129.912109375,0.003867431640625,0.001456982421875,0.1641552734375,0.0104643554687499,6.63525390625,37.490234375,367.02880859375,0.4113525390625,11.01318359375,123.3447265625,6.28759765625,0.3986328125,0.0372564086914062,0.08435410901630175,0.05840302482469561,2.372883456309574,32.544393415002176,0.02595108419160614
202,130.029296875,0.001573486328125,0.001784130859375,0.1796826171875,0.0089741210937499,7.85595703125,57.060546875,518.15185546875,0.5141845703125,10.51513671875,55.3955078125,7.17626953125,0.6369140625,0.0113546020507812,0.062477005826333115,0.03355486777572072,2.619664383078171,24.63016624484316,0.028922138050612396
203,128.10546875,0.00458154296875,0.00092939453125,0.119501953125,0.0029208984374999,5.7197265625,57.24609375,521.7529296875,3.541064453125,10.9912109375,34.853515625,2.0048828125,0.282421875,0.0106107177734375,0.08595553563255734,0.05649749294432146,4.413729133014621,39.08450035080803,0.02945804268823588
204,128.173828125,0.002553466796875,0.001695751953125,0.1079541015625,0.00206298828125,8.64208984375,58.251953125,520.22705078125,3.2278076171875,11.35986328125,82.5341796875,6.63623046875,0.6099609375,0.0303541381835937,0.08091897620155745,0.04766461083269932,4.818032672890381,40.467821817645806,0.03325436536885813
205,107.314453125,0.009953857421875,0.001783642578125,0.0882275390625,0.01477783203125,6.70849609375,39.423828125,493.37158203125,1.6815185546875,12.00439453125,57.1044921875,12.24169921875,0.4208984375,0.0002085327148437,0.024242144732831608,0.0005550985817580046,4.56929893498737,22.997720967659777,0.023687046151073605
206,132.939453125,0.007000732421875,0.001799267578125,0.1460400390625,0.0088715820312499,4.36474609375,60.048828125,364.46533203125,2.7174560546875,6.84814453125,50.5419921875,13.77294921875,0.6083984375,0.0150374389648437,0.06077295400583248,0.03751882915058872,4.122766873173906,17.83625814801133,0.02325412485524376
207,105.546875,0.005130859375,0.001063671875,0.1587109374999999,0.0096132812499999,4.77734375,60.546875,578.02734375,2.1033203125,5.09765625,70.7421875,5.01953125,0.5953125,0.02200068359375,0.03875158853953237,0.007038554927570445,3.4173788142737176,24.272169680807043,0.03171303361196192
208,111.357421875,0.006372314453125,0.0017821777343749,0.1173779296875,0.01080615234375,11.31298828125,61.826171875,555.74951171875,2.2280517578125,11.51123046875,162.3095703125,7.80517578125,0.9884765625,0.0219884887695312,0.03665506613960035,0.013148912940233693,3.34944410817363,41.72434398950953,0.023506153199366657
209,127.9296875,0.0030478515625,0.0008400390625,0.14865234375,0.002708984375,3.888671875,43.0078125,485.498046875,1.97001953125,11.884765625,76.07421875,13.017578125,0.78984375,0.020683642578125,0.06162156294310869,0.03425502141336592,4.840544456506497,29.451914595236467,0.02736654152974277
210,134.736328125,0.004873779296875,0.000937939453125,0.1790478515625,0.01420361328125,4.81396484375,57.939453125,557.33642578125,1.7957763671875,5.65673828125,42.0654296875,11.99560546875,0.9787109375,0.0127935913085937,0.05236391654059603,0.030367053247586578,3.351700704011826,15.390024612857845,0.021996863293009452
211,126.9140625,0.0067919921875,0.0015841796875,0.08361328125,0.010392578125,7.853515625,62.4609375,367.822265625,2.11474609375,12.099609375,157.83203125,6.099609375,0.56640625,0.035610107421875,0.08020887179927258,0.05056392718948791,3.378591035491632,43.419529890323865,0.029644944609784667
212,105.41015625,0.00248095703125,0.00120966796875,0.081318359375,0.0098525390624999,7.9560546875,39.78515625,549.8291015625,0.4751464843749999,6.7041015625,42.099609375,8.0068359375,0.8753906250000001,0.0092936767578125,0.03996191160410344,-0.000703722573054095,4.1448366023625525,29.693638453972056,0.04066563417715753
213,106.46484375,0.00744677734375,0.00104853515625,0.101728515625,0.0121357421875,8.4345703125,36.07421875,493.9208984375,1.248291015625,10.3466796875,78.876953125,11.1103515625,0.899609375,0.0339272216796875,0.036009745163835996,0.008537290813388478,4.713278875900795,31.673355317740132,0.02747245435044752
214,134.208984375,0.005572509765625,0.001775341796875,0.0834912109375,0.01273388671875,5.60009765625,51.005859375,489.58740234375,1.7138916015625,12.71240234375,74.9462890625,5.54931640625,0.9470703125,0.0266225219726562,0.07933467264192677,0.04350737358490078,3.405622939702307,34.24458677155692,0.03582729905702599
215,133.740234375,0.003006103515625,0.001333935546875,0.0893505859375,0.00710107421875,6.34228515625,56.474609375,365.56396484375,3.5877197265625,10.72021484375,41.5869140625,8.66650390625,0.7251953125000001,0.0420367797851562,0.08536895674452027,0.0507266935884204,5.532505873319507,29.7882196014144,0.034642263156099876
216,109.27734375,0.00934521484375,0.00093134765625,0.157197265625,0.0010888671875,12.2626953125,61.38671875,554.4677734375,1.827197265625,11.9873046875,147.783203125,2.6884765625,0.5433593750000001,0.0249518310546875,0.05449855118343293,0.023944073715199733,2.7897825631045863,50.816497477593686,0.030554477468233195
217,128.740234375,0.004131103515625,0.000958935546875,0.1768505859375,0.00185107421875,7.59228515625,61.474609375,584.31396484375,0.1752197265625,6.97021484375,164.0869140625,13.91650390625,0.8251953125,0.0233055297851562,0.06173923371446605,0.03913490399006303,6.078446503976977,35.096094592416655,0.022604329724403023
218,133.0859375,0.0068095703125,0.0012345703125,0.16623046875,0.0133730468749999,11.037109375,62.5390625,420.068359375,3.69150390625,7.939453125,112.71484375,8.916015625,0.94921875,0.020878759765625,0.05892435919225648,0.038744139358727205,3.5053211636828823,25.120450912481598,0.020180219833529273
219,113.369140625,0.005058349609375,0.001753369140625,0.1086376953125,0.00248681640625,6.58154296875,36.650390625,361.29150390625,2.9726318359375,7.01416015625,148.8427734375,7.22412109375,0.5966796875,0.0132326049804687,0.06308025631846402,0.027007717820083887,5.089440414063232,45.87369264172561,0.03607253849838013
220,107.9296875,0.0075478515625,0.0013400390625,0.09865234375,0.009708984375,8.888671875,63.0078125,360.498046875,3.92001953125,6.884765625,146.07421875,6.017578125,0.38984375,0.045658642578125,0.05133699259097431,0.02606807719196264,4.60697151813231,34.139355104063945,0.02526891539901167
221,129.27734375,0.00484521484375,0.00143134765625,0.107197265625,0.0080888671875,7.2626953125,41.38671875,429.4677734375,3.777197265625,6.9873046875,77.783203125,9.6884765625,0.943359375,0.0499268310546875,0.07023138217557692,0.04211487473024088,5.1105995105668605,25.59756373797462,0.028116507445336045
222,131.97265625,0.00227001953125,0.00124873046875,0.110224609375,0.0027431640625,6.9404296875,36.97265625,368.1884765625,3.735302734375,10.5322265625,106.630859375,1.1162109375,0.744140625,0.0346589111328125,0.09352345150879227,0.05586043773466695,4.864441429899673,49.15676515717642,0.037663013774125315
223,116.5234375,0.0040673828125,0.0012736328125,0.12638671875,0.007138671875,8.146484375,40.9765625,519.677734375,3.41728515625,10.361328125,56.93359375,12.306640625,0.61796875,0.018927587890625,0.045992946345448434,0.019666338147823748,5.096402302960962,23.18395133396494,0.026326608197624685
224,128.115234375,0.006240478515625,0.001255810546875,0.1315380859375,0.0125698242187499,6.18603515625,44.599609375,549.15771484375,3.2830322265625,11.50146484375,113.7744140625,4.51025390625,0.4126953125,0.0350125610351562,0.07734550458564146,0.05159699899853683,3.586156229319673,30.587432792501875,0.025748505587104634
225,111.71875,0.00201953125,0.00118671875,0.083515625,0.0061953124999999,4.4453125,40.78125,591.2109375,1.851953125,5.3515625,163.984375,10.0234375,0.928125,0.0049279296875,0.04208504683834096,0.010197306783788296,5.1532486408239,42.757230232227975,0.031887740054552666
226,109.462890625,0.004531005859375,0.001272900390625,0.1559033203124999,0.00265087890625,5.83935546875,67.744140625,426.72119140625,0.1847412109375,8.14697265625,40.0146484375,6.40380859375,0.8685546875000001,0.0235738159179687,0.0489507258294593,0.01003140681804721,3.1348220869944203,26.65221759265699,0.03891931901141209
227,133.916015625,0.002966552734375,0.001458447265625,0.1416455078125,0.0135610351562499,11.40576171875,63.759765625,429.16259765625,3.8790771484375,10.47119140625,88.4130859375,12.44677734375,0.6169921875,0.0402563354492187,0.06980596844607996,0.05124257667371599,4.261366797598413,23.866941526539403,0.01856339177236397
228,107.060546875,0.003647705078125,0.001467724609375,0.1300732421875,0.0119819335937499,10.94189453125,45.341796875,425.37841796875,3.8505126953125,14.77294921875,35.1611328125,5.37158203125,0.3400390625,0.0138911254882812,0.04394834112117228,0.013979268961938839,4.418207087475825,26.94643511680714,0.029969072159233445
229,113.10546875,0.00570654296875,0.00080439453125,0.082001953125,0.0116708984375,11.9697265625,42.24609375,553.0029296875,2.078564453125,12.2412109375,87.353515625,14.2548828125,0.982421875,0.0043669677734375,0.03438442223862878,0.0066086024209490255,5.452636160807269,31.924975615956768,0.027775819817679757
230,134.4921875,0.0073369140625,0.0013634765624999,0.11818359375,0.002818359375,8.498046875,60.1953125,557.763671875,0.29423828125,10.869140625,72.79296875,12.908203125,0.43359375,0.023415283203125,0.08169102977383301,0.05490392606429346,3.686662637833706,29.050643864272065,0.02678710370953955
231,109.912109375,0.008367431640625,0.000956982421875,0.1141552734375,0.00346435546875,11.63525390625,57.490234375,492.02880859375,2.3613525390625,6.01318359375,53.3447265625,13.28759765625,0.7986328125,0.0122814086914062,0.036053613345731525,0.006010026668975,5.738208263371491,22.83662965787122,0.030043586676756523
232,115.830078125,0.004487060546875,0.001738720703125,0.1567822265625,0.0149145507812499,9.07177734375,61.220703125,368.85986328125,0.7750732421875,10.38330078125,110.4248046875,11.28466796875,0.7005859375000001,0.0453781616210937,0.04409458288032917,0.02645215467938816,2.798764396069939,26.946418994899975,0.017642428200941012
233,126.298828125,0.006350341796875,0.001555126953125,0.1407666015624999,0.00840673828125,5.98583984375,56.376953125,430.38330078125,1.5824951171875,6.20361328125,40.9716796875,9.91748046875,0.7224609375,0.0483049194335937,0.06506614380773645,0.038555907967007995,3.924778666515461,17.591698427650382,0.02651023584072846
234,114.53125,0.00588671875,0.00092890625,0.135859375,0.0049921874999999,7.0234375,39.84375,491.6015625,2.491796875,11.5234375,42.578125,10.5703125,0.871875,0.0029767578125,0.03609293959382152,0.005011143215623695,4.915596537748532,23.803631758818856,0.031081796378197822
235,126.865234375,0.009334228515625,0.000849560546875,0.0971630859375,0.0095073242187499,9.62353515625,63.349609375,369.47021484375,2.6736572265625,10.56396484375,100.6494140625,3.19775390625,0.9376953125,0.0053547485351562,0.07317620167584614,0.02987699578026587,3.709868708860186,43.2002243414171,0.04329920589558027
236,109.39453125,0.00735009765625,0.00146552734375,0.1447949218749999,0.0021689453125,3.7958984375,55.33203125,432.1533203125,3.605810546875,6.8017578125,123.857421875,1.3623046875,0.255078125,0.0470488525390625,0.05314364696014556,0.03421679281096047,4.757206436571819,28.180292405246583,0.018926854149185095
237,113.515625,0.008541015625,0.001716015625,0.1419140625,0.00168359375,11.84765625,30.703125,428.61328125,2.3927734375,13.65234375,164.2578125,9.66796875,0.9546875,0.00775712890625,0.04682801058473687,0.017512089096103283,4.505815903809284,48.35181347228111,0.02931592148863359
238,132.607421875,0.004403564453125,0.000813427734375,0.1267529296875,0.0077436523437499,9.75048828125,60.576171875,485.43701171875,1.8624267578125,5.57373046875,87.9345703125,9.11767578125,0.8634765625,0.0173056762695312,0.06911988314687288,0.03793816074118289,4.159803378745814,28.27044955348947,0.03118172240568999
239,127.548828125,0.008881591796875,0.001523876953125,0.1001416015625,0.01234423828125,10.04833984375,35.126953125,485.07080078125,0.4856201171875,7.14111328125,36.5966796875,12.10498046875,0.2474609375,0.0186471069335937,0.07159822853641541,0.047846104706935816,3.214319672458296,19.50868533735275,0.023752123829479596
240,133.564453125,0.004610107421875,0.001439892578125,0.1663525390625,0.00559033203125,3.27099609375,43.173828125,391.80908203125,2.0471435546875,12.31689453125,70.2294921875,4.80419921875,0.2458984375,0.0267444702148437,0.0936108477266939,0.06961805335221952,3.4043486017024147,30.037221739119165,0.02399279437447438
241,104.208984375,0.007822509765625,0.001525341796875,0.1084912109375,0.0022338867187499,8.10009765625,61.005859375,427.08740234375,2.6888916015625,5.21240234375,109.9462890625,9.04931640625,0.7470703125,0.0391100219726562,0.04447567164824261,0.01208803892548174,5.14553065699669,35.01745647292528,0.032387632722760865
242,112.607421875,0.008903564453125,0.001313427734375,0.1767529296875,0.01474365234375,4.75048828125,40.576171875,360.43701171875,3.8124267578125,10.57373046875,157.9345703125,2.11767578125,0.4634765625,0.0422806762695312,0.05460563081636103,0.030893133140949346,3.239936027332868,32.9127878783506,0.023712497675411684
243,109.296875,0.001474609375,0.001032421875,0.1180859375,0.01267578125,11.33984375,41.796875,398.33984375,3.9314453125,6.66015625,75.1171875,2.83203125,0.8703125,0.04229287109375,0.05096339157619686,0.015364071908044693,3.7222290770809496,32.00167984696662,0.03559931966815216
244,113.603515625,0.004161865234375,0.000872509765625,0.1002392578125,0.00426416015625,12.26513671875,56.572265625,458.45947265625,3.7267333984375,10.39306640625,39.1943359375,3.80615234375,0.6607421875,0.0468903198242187,0.05698360812521451,0.025924787170891604,5.477822919539529,33.340596438323814,0.031058820954322906
245,132.744140625,0.003230224609375,0.000956494140625,0.1539501953124999,0.0048930664062499,12.98779296875,39.775390625,521.44775390625,3.6429443359375,6.54541015625,59.1552734375,6.13037109375,0.5591796875,0.0015255737304687,0.06544046708921468,0.032888856133419964,4.3970094447189805,25.17836821984429,0.032551610955794716
